genre,week,ExponentialSmoothing_Count,ARIMA_Count,Prophet_Count,LSTM_Count,ExponentialSmoothing_Rank,ARIMA_Rank,Prophet_Rank,LSTM_Rank
Alternative,2021-11-08,5.730292210457811,5.806473958458993,7.975051832325912,6.4795256,43.895187415192645,45.07602160789768,39.93728795411906,41.76859
Alternative,2021-11-15,5.601045111143966,5.738799589298443,8.024431646027903,6.5511065,44.22660819274287,44.77687663159795,39.56217504231846,46.556
Alternative,2021-11-22,5.665349712274356,5.7291240092257105,8.00876324820232,6.4163604,45.75068158558605,44.73878138966329,39.36863205053271,47.04427
Alternative,2021-11-29,5.649095029375378,5.737855255133054,7.959189486954079,6.586718,45.65509772489081,44.379050469649634,39.34502228607725,45.337387
Alternative,2021-12-06,5.761845456296871,5.751856648097305,7.935792431213617,6.7773185,46.33613247830644,44.35375644118486,39.4901139725916,45.120262
Alternative,2021-12-13,5.761696750555967,5.76698882917931,7.950043911602583,6.4385543,46.01830755132338,44.04439805797976,39.650069592949464,47.11391
Alternative,2021-12-20,5.664804843358867,5.7819714563172955,7.956146403661764,6.655819,46.464323451501286,44.0385043154219,39.57406461966345,48.948452
Alternative,2021-12-27,5.616292568878382,5.79642489980233,7.920337440412052,6.5125923,47.20713133205335,43.77265029062338,39.214551644217266,50.887882
Alternative,2022-01-03,5.696758227383447,5.810252277439499,7.87584390997141,6.3013883,45.90988299251236,43.78132256740254,38.89942449732483,49.90016
Alternative,2022-01-10,5.8417444440829405,5.823444736064491,7.889004267760642,6.175355,45.966337721466545,43.55215619913311,39.084198354233074,47.82444
Alternative,2022-01-17,5.890055248688984,5.83602013984483,7.976057878210902,6.1441164,45.92860179863243,43.57146455315177,39.89562525991419,46.80958
Alternative,2022-01-24,5.8900976992820056,5.8480037975323365,8.07472070426862,6.328101,45.80940358118785,43.3733113652168,40.96936048932017,47.310375
Alternative,2022-01-31,5.809163537581956,5.859422435099622,8.107948748287233,6.023432,45.39164120018095,43.40016677292461,41.77173113530324,47.358665
Alternative,2022-02-07,5.729938703861443,5.870302340187605,8.064092049411258,5.9365625,45.06338490016225,43.22830448316108,42.048265925807925,48.32698
Alternative,2022-02-14,5.7829693321204525,5.880668819135396,8.000018775969398,6.1891994,45.40816829427965,43.26029353274728,41.92750009839582,49.324913
Alternative,2022-02-21,5.851842883426695,5.890546065669435,7.970768193229212,6.430266,46.6689833811555,43.11078426423373,41.648882773192454,49.805965
Alternative,2022-02-28,5.873197549951449,5.8999571574395855,7.976035176583199,6.101911,45.27251690870692,43.14603424533258,41.31105270681623,49.605843
Alternative,2022-03-07,5.984418577383471,5.908924091053812,7.983357678095219,6.210232,45.49354072645163,43.01558700414397,40.93081451018267,49.232544
Alternative,2022-03-14,5.809914000722206,5.917467827539841,7.985725537828413,6.146914,43.3952696353052,43.05265693676503,40.645425257163225,50.248516
Alternative,2022-03-21,5.778262423812434,5.925608339468095,8.011702481494396,6.0559416,43.85388971143226,42.93851493164709,40.70153908937969,50.644814
Country,2021-11-08,22.16856523695837,21.759121723227324,19.24732948529375,22.23193,57.48405985728289,58.415493553884914,64.78766055939337,59.043957
Country,2021-11-15,22.152813406197158,21.515456087932755,19.206278410056502,19.404064,57.5962520770732,58.79015770824417,64.76214018308198,58.95
Country,2021-11-22,21.977988523526196,21.353414495486106,19.256267915846674,19.624338,56.862801099514826,59.047259317959345,64.65381315930621,57.145004
Country,2021-11-29,22.025614206877542,21.211632176382114,19.318848567041442,19.227285,57.39024404851701,59.311989266906295,64.72406361997287,55.69861
Country,2021-12-06,21.200175442424673,21.10721484760208,19.255611188800216,19.164505,56.63477757834275,59.491954137276835,64.98221057885611,56.881813
Country,2021-12-13,21.041660670455084,21.02170568620707,19.019290526745657,17.325104,56.57037130691738,59.67832041975206,65.19758349860211,58.352154
Country,2021-12-20,20.85134687528668,20.956165214272346,18.730176148111568,17.65387,57.178997754737594,59.8042558615304,65.14315708184866,59.937035
Country,2021-12-27,20.899236202014542,20.903829615155217,18.587922679008578,17.534536,56.75516179787903,59.93546337713366,64.79486734848788,60.98561
Country,2022-01-03,21.72474641245981,20.863089688588936,18.70286269525908,17.789474,55.326886924050825,60.0235808268745,64.31069795480053,63.9407
Country,2022-01-10,22.018607312211863,20.830871245018255,19.009723591559364,18.221695,57.56110997702265,60.11596133684048,63.87097534684213,63.61036
Country,2022-01-17,21.97898098866986,20.80564071936083,19.33190775829679,17.57071,58.37102531637069,60.177610625248754,63.56571291982607,63.35955
Country,2022-01-24,22.034505582116623,20.785761781881796,19.515306397529233,18.70887,59.32418493803779,60.242658477525794,63.395891729341024,61.97356
Country,2022-01-31,22.02658509357258,20.770158446216016,19.50918784162092,17.817284,60.84320768565909,60.285785026590865,63.317721360625036,62.00715
Country,2022-02-07,21.844010142522997,20.75788232097159,19.35645581332445,16.280506,60.07788390984669,60.33159048450104,63.27229459052973,61.146572
Country,2022-02-14,21.741020386266936,20.748237989404764,19.144929882770963,16.288212,59.65686725627721,60.36175595182274,63.22952290600993,61.950794
Country,2022-02-21,21.574318758973355,20.740654380454174,18.970181724721606,16.419804,58.843932610989135,60.394013686517646,63.26179742785542,60.873837
Country,2022-02-28,21.677420920188784,20.734694524653904,18.90672058259848,16.522661,58.553825902733024,60.415110762180504,63.558664585113945,60.395653
Country,2022-03-07,21.730290756347316,20.73000912075439,18.97171479248923,15.878702,58.22200852451429,60.43782946816421,64.28687373741687,60.584087
Country,2022-03-14,21.75146690598525,20.726326438186696,19.105822355966996,16.882935,58.2789099890249,60.45258243538754,65.37029146430979,60.220665
Country,2022-03-21,22.07408502822583,20.72343149587947,19.210734224113587,16.893244,58.47546867774301,60.468584172657515,66.42122766323973,59.821682
Pop,2021-11-08,23.09554385551072,22.790213940750036,19.659532351852086,25.694717,32.42171200450227,34.224234532852485,38.8215172122272,43.006668
Pop,2021-11-15,22.872431724185553,22.500704056109264,19.59973859572125,24.04234,32.49090491014655,35.345626857102346,38.74582749990322,36.94657
Pop,2021-11-22,22.9037171446038,22.320715633290597,19.570360947144174,22.919966,32.801065294814954,36.29989430589353,38.81922231872129,43.15022
Pop,2021-11-29,22.839657697827974,22.1089274512586,19.675722446218657,22.128902,33.119962296928136,36.93259404825584,39.109402501302,39.86988
Pop,2021-12-06,22.823585608615254,21.968412131108753,19.79925875445786,23.290716,33.353420504683434,37.484136896770735,39.46409039018641,45.356483
Pop,2021-12-13,23.029592671663572,21.81243710656362,19.738250746833934,23.579496,33.653848015929015,37.838622817677106,39.639217214697574,46.73055
Pop,2021-12-20,23.029216789571183,21.70355320210046,19.455533406757084,25.14175,33.37894540147502,38.158415300834875,39.5127418770042,44.036407
Pop,2021-12-27,22.854307925361894,21.588217934179173,19.129999933599837,25.476398,33.234509481884565,38.35610276292991,39.15186355224227,45.475216
Pop,2022-01-03,22.9333171763338,21.504320548040262,18.947925289386767,25.5383,33.16440553478036,38.54219303153429,38.69913339763151,45.010624
Pop,2022-01-10,22.869739183539636,21.418745111425068,18.907169035288515,26.498013,32.86839994784823,38.65177661562082,38.25752024383419,37.95234
Pop,2022-01-17,23.345889399278782,21.354383690795693,18.879100441063855,26.107513,33.608151266035584,38.76052968606878,37.91216093952826,42.14709
Pop,2022-01-24,23.091974217284182,21.29070747494763,18.82681531407881,25.224709,33.47281827309557,38.820797069870416,37.79942735791531,41.242027
Pop,2022-01-31,23.314416049542416,21.241502677491525,18.86904440917657,26.203842,33.827597847506844,38.88467563129513,38.04480613055479,39.83441
Pop,2022-02-07,23.044841926006683,21.194008512286818,19.087817794023245,25.579487,33.04663177476664,38.917473519053246,38.58144689984663,41.305157
Pop,2022-02-14,22.902459664883487,21.156493179727214,19.336532954133038,25.726355,32.442374625220864,38.95521606931474,39.0849072534066,39.44609
Pop,2022-02-21,22.99803496157088,21.120998598178993,19.335726132428054,25.97518,32.58504197251129,38.97281058864799,39.18941163148466,39.49278
Pop,2022-02-28,22.41133067407322,21.092457340766217,18.983102978809683,26.856794,32.12286838860556,38.995262987440945,38.821528324276215,38.92507
Pop,2022-03-07,22.332118968050573,21.0658872105519,18.50506208794019,27.549826,31.909498906304222,39.00451339322657,38.293937175707626,37.98829
Pop,2022-03-14,22.96755121946977,21.04421065269973,18.238531878151825,28.045265,33.16630162267964,39.01797375156587,38.020793437056405,35.389317
Pop,2022-03-21,22.68215614329868,21.024294288199027,18.277683742513283,28.657906,33.01965066259869,39.02269586642689,38.1317292562044,37.183846
R&B,2021-11-08,9.300673632227719,8.748283574164958,3.895743184878425,8.433167,52.97237740752816,52.34620749140993,54.57102036905601,51.519104
R&B,2021-11-15,9.681970484546992,8.551374666705197,3.7990141373223825,7.937664,53.45382515527669,52.31210535180121,54.266931670117145,50.880505
R&B,2021-11-22,9.444258624211708,8.371937583486066,3.716133053049866,8.301554,52.51279339493171,52.231198932694184,53.86224221294091,50.758205
R&B,2021-11-29,9.587596478315685,8.222020728215025,3.7388608651421933,7.8471227,52.46015443019669,52.18638687861193,53.458503213016115,45.176903
R&B,2021-12-06,9.74671545184928,8.086456974083124,3.849422723671232,7.172405,51.75680573990973,52.1320970628617,53.24956263828884,50.41504
R&B,2021-12-13,9.842152677790729,7.972783880477242,3.9623995853274803,7.557726,52.41691417178835,52.101462372042086,53.3948496489285,50.392555
R&B,2021-12-20,9.397835266408638,7.870327620075703,4.04971272908446,7.92375,52.53745774940403,52.063940658240334,53.8817462177982,53.028152
R&B,2021-12-27,9.429510994255317,7.784149743655961,4.177277904384031,7.976384,53.20368760358551,52.04308808589418,54.48236665424685,51.073586
R&B,2022-01-03,9.207238719142174,7.70670545010942,4.397144067651039,7.370174,51.010617488771054,52.017143985277514,54.85538959099333,52.135105
R&B,2022-01-10,9.143693864899733,7.641380825436297,4.6354339116144665,8.090048,50.82313046754294,52.00295691843421,54.74586985667636,52.219032
R&B,2022-01-17,8.9849515438224,7.582835607061087,4.737511796796679,7.059417,50.3803505493518,51.985014307801606,54.15963958674519,58.626312
R&B,2022-01-24,8.969038997067045,7.533324112953428,4.638319736247452,6.94477,50.81381686742027,51.97536682372752,53.390041017128034,61.741077
R&B,2022-01-31,8.984972038351284,7.489061162199522,4.455990914296435,6.9294424,49.43275826535124,51.96295529737832,52.86118869946942,55.05755
R&B,2022-02-07,9.191605992131072,7.451539022182616,4.381813419498227,7.8898115,50.487230356439966,51.956398205808405,52.873076837419596,58.869183
R&B,2022-02-14,9.176125894883496,7.4180708196339795,4.480132201856611,7.5579762,51.10311286770042,51.94781084662713,53.409233078755136,63.758488
R&B,2022-02-21,9.351111033933037,7.389637621338329,4.626497055782212,6.3697467,52.33591813894837,51.94335664105038,54.13915858096257,62.637314
R&B,2022-02-28,9.63698982400314,7.364329262509209,4.655575469770255,6.290127,53.09824945439367,51.93741383870874,54.62342023792096,60.21013
R&B,2022-03-07,9.383168360145069,7.342785373482529,4.546067399826869,5.805136,52.78236624416955,51.93438987855427,54.58797593551144,54.26867
R&B,2022-03-14,9.764182068814534,7.323645815539068,4.430489048235972,5.4162297,53.3485784081018,51.93027627411369,54.07978359087424,49.7681
R&B,2022-03-21,9.653149032933872,7.307323334594476,4.428202012159908,5.440816,53.07089912811648,51.92822458112457,53.399287230293154,48.78604
Rap/Hip Hop,2021-11-08,29.124713048647187,29.412045379784686,39.950740594014015,29.988207,57.48543849165551,56.67578476560017,55.00765490677815,56.67925
Rap/Hip Hop,2021-11-15,29.32085556114864,29.849095545682424,40.05221161916421,30.169975,57.696515456406,56.00938192890783,54.97769292171486,49.185444
Rap/Hip Hop,2021-11-22,29.205345949981997,30.027187614751995,39.98051871238899,27.656868,57.89861267451222,56.04108579799224,54.989631227247585,50.32262
Rap/Hip Hop,2021-11-29,28.975055012243224,30.196094562595043,39.719080907169015,27.011812,56.9740659544354,56.59791809063669,54.99780117030933,46.853493
Rap/Hip Hop,2021-12-06,28.8921979726231,30.32627545228469,39.428654312890785,27.177948,56.87849996210915,57.08340155614934,54.91034405431053,51.783363
Rap/Hip Hop,2021-12-13,28.694459223382957,30.419752863173933,39.309455397870295,27.221973,56.482152180027285,57.08235956664839,54.7000067525577,47.493366
Rap/Hip Hop,2021-12-20,28.842722618257078,30.49105273884775,39.425756007167045,24.627537,55.955497584290974,56.69169005479845,54.447375103691776,46.24421
Rap/Hip Hop,2021-12-27,28.794797556824946,30.544712952018614,39.66778080380583,24.196234,55.750973351317754,56.33363758805689,54.294736345688584,43.290028
Rap/Hip Hop,2022-01-03,29.020760178814868,30.584910769340368,39.86937917553518,21.429157,54.87667121290478,56.31831156848437,54.3552464575141,46.66042
Rap/Hip Hop,2022-01-10,28.89181742544126,30.615149467743322,39.94346056840046,22.330074,54.487012851565986,56.59164881622798,54.63072959866602,46.55189
Rap/Hip Hop,2022-01-17,28.79531462069817,30.637874571570556,39.90932560179448,17.599615,54.52456813864058,56.855052608816735,54.973806342599346,42.576496
Rap/Hip Hop,2022-01-24,29.118368434605244,30.654947924143528,39.82611934488255,17.160284,54.632939852649514,56.87761475359259,55.12352289951582,45.824284
Rap/Hip Hop,2022-01-31,28.828408959682626,30.667778794036856,39.73639211973372,15.281347,54.95935338359577,56.68690151803382,54.82939699023693,45.514427
Rap/Hip Hop,2022-02-07,29.086786148839195,30.677420708727418,39.672561639316115,14.56846,56.069307015436976,56.49359167937723,54.02142235734335,42.675484
Rap/Hip Hop,2022-02-14,29.05479067052117,30.684666105090642,39.67866166123459,15.234798,56.85008281108851,56.4690972550578,52.912635183746005,44.070614
Rap/Hip Hop,2022-02-21,29.02250039856812,30.690110749778135,39.78710041467105,13.795992,57.63430682052901,56.60176946154399,51.92565265527503,40.813293
Rap/Hip Hop,2022-02-28,29.232293140353455,30.694202176468508,39.97012141465026,14.028762,58.54212137491854,56.74331099140246,51.45528392161935,43.705765
Rap/Hip Hop,2022-03-07,29.103157329297133,30.697276711707687,40.138603487518054,14.004529,58.23988941046788,56.766839254317645,51.62716750752984,41.04799
Rap/Hip Hop,2022-03-14,28.893606154406477,30.69958709885983,40.20983936188625,14.778474,57.385324463158064,56.67483503041881,52.23895355667001,43.98608
Rap/Hip Hop,2022-03-21,28.925998117788943,30.701323259440585,40.17752242682832,14.606909,56.79168862037,56.57142870168771,52.928366953280616,44.482475
